"company","total_complaints","late_responses","late_response_rate_pct"
"American Credit Acceptance, LLC","791","137","17.32"
"ROBINHOOD MARKETS INC.","1362","124","9.10"
"FinCo Services Inc DBA Current","862","67","7.77"
"Block, Inc.","6102","255","4.18"
"Credit Karma, LLC","1079","40","3.71"
"Netspend Corporation","981","36","3.67"
"LoanCare, LLC","1330","35","2.63"
"LD Holdings Group, LLC","605","13","2.15"
"BANK OF AMERICA, NATIONAL ASSOCIATION","28560","463","1.62"
"NISSAN MOTOR ACCEPTANCE COMPANY LLC","813","13","1.60"
"Bridgecrest Acceptance Corporation","1647","25","1.52"
"RoundPoint Mortgage Servicing LLC","906","13","1.43"
"Global Lending Services LLC","725","5","0.69"
"Shellpoint Partners, LLC","7255","46","0.63"
"FIRST NATIONAL BANK OF OMAHA","855","5","0.58"
