"complaint_month","total_complaints","three_month_moving_average"
"2023-01-01","10737","10737.00"
"2023-02-01","7279","9008.00"
"2023-03-01","7645","8553.67"
"2023-04-01","6090","7004.67"
"2023-05-01","7005","6913.33"
"2023-06-01","6515","6536.67"
"2023-07-01","6819","6779.67"
"2023-08-01","8627","7320.33"
"2023-09-01","11307","8917.67"
"2023-10-01","12338","10757.33"
"2023-11-01","11736","11793.67"
"2023-12-01","11294","11789.33"
"2024-01-01","12161","11730.33"
"2024-02-01","11989","11814.67"
"2024-03-01","13372","12507.33"
"2024-04-01","13914","13091.67"
"2024-05-01","14062","13782.67"
"2024-06-01","11942","13306.00"
"2024-07-01","13283","13095.67"
"2024-08-01","15049","13424.67"
"2024-09-01","14320","14217.33"
"2024-10-01","14864","14744.33"
"2024-11-01","14128","14437.33"
"2024-12-01","14524","14505.33"
"2025-01-01","31564","20072.00"
"2025-02-01","14777","20288.33"
"2025-03-01","14458","20266.33"
"2025-04-01","15395","14876.67"
"2025-05-01","16521","15458.00"
"2025-06-01","16532","16149.33"
"2025-07-01","18651","17234.67"
"2025-08-01","18208","17797.00"
"2025-09-01","18409","18422.67"
"2025-10-01","17579","18065.33"
"2025-11-01","17057","17681.67"
"2025-12-01","20488","18374.67"
