"product","issue","total_complaints","issue_rank"
"Checking or savings account","Managing an account","103749","1"
"Checking or savings account","Closing an account","24376","2"
"Checking or savings account","Problem with a lender or other company charging your account","22082","3"
"Checking or savings account","Problem caused by your funds being low","18776","4"
"Checking or savings account","Opening an account","16692","5"
"Credit card","Problem with a purchase shown on your statement","39044","1"
"Credit card","Incorrect information on your report","28077","2"
"Credit card","Problem with a company's investigation into an existing problem","24118","3"
"Credit card","Getting a credit card","23638","4"
"Credit card","Other features, terms, or problems","17924","5"
"Mortgage","Trouble during payment process","36033","1"
"Mortgage","Struggling to pay mortgage","17268","2"
"Mortgage","Applying for a mortgage or refinancing an existing mortgage","7331","3"
"Mortgage","Closing on a mortgage","5124","4"
"Mortgage","Incorrect information on your report","1849","5"
"Vehicle loan or lease","Managing the loan or lease","14240","1"
"Vehicle loan or lease","Repossession","9913","2"
"Vehicle loan or lease","Getting a loan or lease","6829","3"
"Vehicle loan or lease","Problems at the end of the loan or lease","6498","4"
"Vehicle loan or lease","Incorrect information on your report","3583","5"
